,0,1,accuracy,macro avg,weighted avg
precision,0.0,0.4,0.4,0.2,0.16
recall,0.0,1.0,0.4,0.5,0.4
f1-score,0.0,0.5714285714285714,0.4,0.2857142857142857,0.22857142857142856
support,3.0,2.0,0.4,5.0,5.0
