loss,accuracy,precision,recall,auc,val_loss,val_accuracy,val_precision,val_recall,val_auc
0.6833236813545227,0.6666666865348816,0.692307710647583,0.8181818127632141,0.5,0.6935645341873169,0.5,0.5,1.0,0.5
0.6677368879318237,0.6111111044883728,0.625,0.9090909361839294,0.5974025726318359,0.6936129927635193,0.5,0.5,1.0,0.5
0.686476469039917,0.5,0.5833333134651184,0.6363636255264282,0.5584415197372437,0.6936087608337402,0.5,0.5,1.0,0.5
0.6844648718833923,0.6111111044883728,0.6666666865348816,0.7272727489471436,0.5259740352630615,0.6936021447181702,0.5,0.5,1.0,0.5
0.7067330479621887,0.4444444477558136,0.5384615659713745,0.6363636255264282,0.4415584206581116,0.6936694979667664,0.5,0.5,1.0,0.5
0.6884667277336121,0.3888888955116272,0.5,0.1818181872367859,0.6233766078948975,0.6937603950500488,0.5,0.5,1.0,0.0
0.6950066089630127,0.5555555820465088,0.6363636255264282,0.6363636255264282,0.4935064911842346,0.6938212513923645,0.5,0.5,1.0,0.5
0.6725735664367676,0.5,0.6000000238418579,0.5454545617103577,0.6038961410522461,0.6938349008560181,0.5,0.5,1.0,0.5
