loss,accuracy,f1_score,val_loss,val_accuracy,val_f1_score
0.6817362904548645,0.6111111044883728,0.6956521272659302,0.6950669288635254,0.5,0.6666666865348816
0.6905980706214905,0.6111111044883728,0.7200000286102295,0.6958916187286377,0.5,0.6666666865348816
0.6417801976203918,0.7777777910232544,0.8333333134651184,0.6966384649276733,0.5,0.6666666865348816
0.6830530166625977,0.5555555820465088,0.6923076510429382,0.6974290609359741,0.5,0.6666666865348816
0.6839606761932373,0.6111111044883728,0.7586206793785095,0.6980682611465454,0.5,0.6666666865348816
0.6646548509597778,0.6666666865348816,0.785714328289032,0.698296070098877,0.5,0.6666666865348816
0.668218731880188,0.6111111044883728,0.6956521272659302,0.6986714601516724,0.5,0.6666666865348816
0.7106147408485413,0.5,0.6666666865348816,0.6993515491485596,0.5,0.6666666865348816
